{
	"events": [
		{
			"character": "character-1686522213.json",
			"event_id": "dialogic_001",
			"portrait": "",
			"text": "Hello Adventurer! "
		},
		{
			"character": "character-1686522165.json",
			"event_id": "dialogic_001",
			"portrait": "",
			"text": "Hello NPC!"
		},
		{
			"character": "character-1686522213.json",
			"event_id": "dialogic_010",
			"options": [

			],
			"portrait": "",
			"question": "Please defeat 5 enemies "
		},
		{
			"choice": "Yes",
			"condition": "",
			"definition": "",
			"event_id": "dialogic_011",
			"value": ""
		},
		{
			"emit_signal": "yes",
			"event_id": "dialogic_040"
		},
		{
			"choice": "No",
			"condition": "",
			"definition": "",
			"event_id": "dialogic_011",
			"value": ""
		},
		{
			"event_id": "dialogic_013"
		}
	],
	"metadata": {
		"dialogic-version": "1.4.5",
		"file": "timeline-1686522349.json",
		"name": "start"
	}
}
